Workbook

Sheet Cricket
C1: Data | E1: Index No. | F1: First Name | G1: Last Name | H1: Country
C2: 1. Sachin Tendulkar (India)
C3: 2. Sir Don Bradman (Australia)
C4: 3. Sir Vivian Richards (West Indies)
C5: 4. Sir Garfield Sobers (West Indies)
C6: 5. Ricky Ponting (Australia)
C7: 6. Brian Lara (West Indies)
C8: 7. Jacques Kallis (South Africa) | P8: GPT
C9: 8. Imran Khan (Pakistan) | P9: CountIF
C10: 9. Kapil Dev (India) | P10: Vlookup
C11: 10. Shane Warne (Australia) | P11: Xlookup
C12: 11. Muttiah Muralitharan (Sri Lanka)
C13: 12. Wasim Akram (Pakistan)
C14: 13. Rahul Dravid (India)
C15: 14. Sir Ian Botham (England)
C16: 15. Steve Waugh (Australia)
C17: 16. Virat Kohli (India)
C18: 17. Anil Kumble (India)
C19: 18. Glenn McGrath (Australia)
C20: 19. Chris Gayle (West Indies)
C21: 20. AB de Villiers (South Africa)

Sheet Student Name
A3: Student Name | B3: Grade | C3: English | D3: Math | E3: History | F3: Science | G3: VLOOKUP | H3: XlookUp | I3: Countif | J3: Sumif | K3: Avg | L3: if | M3: avg if | N3: count ifs
A4: Alice | B4: A | C4: 90 | D4: 85 | E4: 88 | F4: 92 | G4: =VLOOKUP('Student Name'!A4,City!A1:B13,2,0) -> New York City | H4: =_xlfn.XLOOKUP(A4,City!A:A,City!B:B) -> New York City | I4: =COUNTIF(B:B,B4) -> 3 | J4: =SUMIF(B4,B4,C:C) -> 0 | K4: =AVERAGE(C4:F4) -> 88.75 | L4: =IF(K3>80,"pass","fail") -> pass | M4: =AVERAGEIF(B:B,B4,K:K) -> 91.416667
A5: Bob | B5: B | C5: 78 | D5: 92 | E5: 85 | F5: 88 | G5: =VLOOKUP('Student Name'!A5,City!A2:B14,2,0) -> London | H5: =_xlfn.XLOOKUP(A5,City!A:A,City!B:B) -> London | I5: =COUNTIF(B:B,B5) -> 2 | J5: =SUMIF(B:B,B4,C:C) -> 277 | K5: =AVERAGE(C5:F5) -> 85.75 | L5: =IF(K4>80,"pass","fail") -> pass
A6: Carol | B6: C | C6: 85 | D6: 76 | E6: 72 | F6: 80 | G6: =VLOOKUP('Student Name'!A6,City!A3:B15,2,0) -> Tokyo | H6: =_xlfn.XLOOKUP(A6,City!A:A,City!B:B) -> Tokyo | I6: =COUNTIF(B:B,B6) -> 1 | J6: =SUMIF(B:B,B6,C:C) -> 85 | K6: =AVERAGE(C6:F6) -> 78.25 | L6: =IF(K5>80,"pass","fail") -> pass
A7: David | B7: B | C7: 70 | D7: 80 | E7: 78 | F7: 75 | G7: =VLOOKUP('Student Name'!A7,City!A4:B16,2,0) -> India | H7: =_xlfn.XLOOKUP(A7,City!A:A,City!B:B) -> India | I7: =COUNTIF(B:B,B7) -> 2 | J7: =SUMIF(B:B,B7,D:D) -> 172 | K7: =AVERAGE(C7:F7) -> 75.75 | L7: =IF(K6>80,"pass","fail") -> fail
A8: Emily | B8: A | C8: 92 | D8: 94 | E8: 90 | F8: 95 | G8: =VLOOKUP('Student Name'!A8,City!A5:B17,2,0) -> Mumbai | H8: =_xlfn.XLOOKUP(A8,City!A:A,City!B:B) -> Mumbai | I8: =COUNTIF(B:B,B8) -> 3 | K8: =AVERAGE(C8:F8) -> 92.75 | L8: =IF(K7>80,"pass","fail") -> fail
A9: Frank | B9: D | C9: 62 | D9: 70 | E9: 68 | F9: 55 | G9: =VLOOKUP('Student Name'!A9,City!A6:B18,2,0) -> Sydney | H9: =_xlfn.XLOOKUP(A9,City!A:A,City!B:B) -> Sydney | I9: =COUNTIF(B:B,B9) -> 1 | K9: =AVERAGE(C9:F9) -> 63.75 | L9: =IF(K8>80,"pass","fail") -> pass
A10: Frank | B10: A | C10: 95 | D10: 88 | E10: 92 | F10: 96 | G10: =VLOOKUP('Student Name'!A10,City!A7:B19,2,0) -> Sydney | H10: =_xlfn.XLOOKUP(A10,City!A:A,City!B:B) -> Sydney | I10: =COUNTIF(B:B,B10) -> 3 | K10: =AVERAGE(C10:F10) -> 92.75 | L10: =IF(K9>80,"pass","fail") -> fail
E19: Countif
E20: Sumif
E21: Average if
E22: Countifs

Sheet City
A1: Student Name | B1: City
A2: Alice | B2: New York City
A3: Bob | B3: London
A4: Carol | B4: Tokyo
A5: David | B5: India
A6: Emily | B6: Mumbai
A7: Frank | B7: Sydney
A8: Grace | B8: Beijing
A9: Helen | B9: Rio de Janeiro
A10: Ian | B10: Cairo
A11: Jane | B11: Cape Town
A12: Kevin | B12: Mexico City
A13: Laura | B13: India

Sheet Sheet1
A2: section | B2: date | C2: Raj | D2: rahul | E2: ramesh | F2: raju
A3: 1 | B3: 45681 | C3: 425452 | D3: 5365 | E3: 45643 | F3: 4543234
B4: 45679 | C4: 425245 | D4: 43542 | E4: 568756 | F4: 435456
B5: 45678 | C5: 423535 | D5: 53653 | E5: 536 | F5: 45443
B6: 45677 | C6: 254542 | D6: 363643 | E6: 54567 | F6: 65745
B7: 45683 | C7: 56565 | D7: 53656 | E7: 75875 | F7: 56453
A8: 2 | B8: 45682 | C8: 42545 | D8: 45653 | E8: 57453 | F8: 34436
B9: 45680 | C9: 4254 | D9: 43343 | E9: 675 | F9: 21223
B10: 45684 | C10: 456456 | D10: 53656 | E10: 457 | F10: 453365
B11: 45685 | C11: 546456 | D11: 6787 | E11: 67445 | F11: 5635
B12: 45686 | C12: 536 | D12: 78877 | E12: 456657 | F12: 45645
A13: 3 | B13: 45687 | C13: 565 | D13: 869 | E13: 345356 | F13: 676463
B14: 45688 | C14: 5365 | D14: 869867 | E14: 565 | F14: 6437
B15: 45689 | C15: 56365 | D15: 76875 | E15: 55656 | F15: 7675
B16: 45690 | C16: 53655 | D16: 7565 | E16: 5785 | F16: 476647
